{"lastImprovedGen": 59, "bestFitnessPerGen": [0.6153204441070557, 0.6202613115310669, 0.6559063196182251, 0.6596304774284363, 0.6882922649383545, 0.6982712149620056, 0.7394187450408936, 0.7461382746696472, 0.7901405692100525, 0.7943878173828125, 0.7937421798706055, 0.8076102137565613, 0.8266684412956238, 0.837713897228241, 0.8404334783554077, 0.8576239943504333, 0.8689775466918945, 0.8866345882415771, 0.8934647440910339, 0.8970461487770081, 0.9050092101097107, 0.9083182215690613, 0.9215945601463318, 0.9219512343406677, 0.9286273121833801, 0.9337696433067322, 0.93701171875, 0.9452332854270935, 0.9494876861572266, 0.9520583748817444, 0.9583039879798889, 0.9582578539848328, 0.9590232968330383, 0.9610334038734436, 0.9629058837890625, 0.9660809636116028, 0.968332827091217, 0.9700949192047119, 0.9710953235626221, 0.9735992550849915, 0.9720717072486877, 0.9740927815437317, 0.9740808010101318, 0.9758168458938599, 0.975664496421814, 0.9762696623802185, 0.9768091440200806, 0.9774892330169678, 0.9778702259063721, 0.9786125421524048, 0.9788647890090942, 0.9789338707923889, 0.9790000319480896, 0.9790664315223694, 0.9794841408729553, 0.9795684218406677, 0.9796797633171082, 0.9796720743179321, 0.9797611832618713, 0.979766309261322, 0.979766309261322, 0.979766309261322, 0.979766309261322, 0.979766309261322, 0.979766309261322, 0.979766309261322, 0.979766309261322, 0.979766309261322, 0.979766309261322, 0.979766309261322, 0.979766309261322, 0.979766309261322, 0.979766309261322, 0.979766309261322, 0.979766309261322, 0.979766309261322, 0.979766309261322, 0.979766309261322, 0.979766309261322, 0.979766309261322, 0.979766309261322, 0.979766309261322, 0.979766309261322, 0.979766309261322, 0.979766309261322, 0.979766309261322, 0.979766309261322, 0.979766309261322, 0.979766309261322, 0.979766309261322, 0.979766309261322, 0.979766309261322, 0.979766309261322, 0.979766309261322, 0.979766309261322, 0.979766309261322, 0.979766309261322, 0.979766309261322, 0.979766309261322, 0.979766309261322, 0.979766309261322, 0.979766309261322, 0.979766309261322, 0.979766309261322, 0.979766309261322, 0.979766309261322, 0.979766309261322, 0.979766309261322, 0.979766309261322, 0.979766309261322, 0.979766309261322, 0.979766309261322, 0.979766309261322, 0.979766309261322, 0.979766309261322, 0.979766309261322, 0.979766309261322, 0.979766309261322, 0.979766309261322, 0.979766309261322], "n": 60, "m": 200, "psi": [10, 3, 10], "topRatioToRecombine": 0.3, "ratioToMutate": 0.2, "maxGeneration": 300, "seed": null}